code,name
040-CDJAPR,Parwan pick-up Weir
038-CDJAPR,Kalisindh Dam
039-UKDPUNE,Mirawadi
008-LKDHYD,Yadgir
012-UKDPUNE,Wadakbal
Ithai-9,Ithai_WLR
041-CDJAPR,Panchana Dam
040-UKDPUNE,Targaon
025-mgd4ptn,Kursela
031-TDSURAT,VAPI
009NEID3,Yingkiong 
004RAMES,RAMESHWAR
JAUL-01,Jauljibi
017-WGDNGP,Bamni (Ballarsha)
018-UGDHYD,Singur Reservoir
028-MAHGAND,Abu Road
005PURNA,PURNAGIRI
011-MGD1LKN,Ayodhya 
MADK-01,Madkote
Irilbung-10,Irilbung_WLR
006-mgd5ptn,Bhagalpur
006RUPALI,RUPALIGAD
039-CDJAPR,Gudha Dam
008-mgd2lkn,Moradabad
010-mgd2lkn,Dabri
013-CDJAPR,Manderial
057-erdbwn,Getalsud Reservoir
020-TDSURAT,SARANGKHEDA
007-LKDHYD,Malkhed
001-DDASL	,Tilaiya Reservoir
018MAHGAND,Dharoi Dam
030-UBDDIB,NT Road Crossing Jia-Bharali
055-TDSURAT,BAMRUL
036-UYDDEL,Gaura
KATRAGADDA,KATRAGADDA
008SHD,Harshil
003-SHDSIM,NATHPA
BB000D6,PANCHARATNA
040-UYDDEL,Ghodopipli
002-LYDAGRA,ETAWAH
025-mgd5ptn,Mohammad Ganj
041LBDJPG,Sonapur
036-UKDPUNE,Hipparagi Barrage
025-MGD1LKN,Kakrahi
009-UYDDEL,Hathnikund Barrage
040-TDSURAT,PIMPRI
034-LGDHYD,PVNRao Kantanapally Project
024-LBDJPG,Chepan
008-ERDBWN,Jamshedpur
008-UYDDEL,Paonta
043-TDSURAT,NAWTHA
038-mgd2lkn,Kasmara
040-MAHGAND,Mount Abu
019-UBDDIB,Neamatighat
038MAHGAND,Sapawada
018-chejmu,Ganeshpura
CW1WAR000076,Isapur Reservoir
017-MGD2LKN,Garhmukteshwar
015-MBDGHY,Matijuri
042-TDSURAT,DHUPESHWAR
019-ERDBWN,Panposh
041-TDSURAT,TALASWADA
039-TDSURAT,WANKHED
019-MBDGHY,Amarpur
017-NDBHP,Mandleshwar
021MAHGAND,Vautha
014-NDBHP,Handia
001-mdburla,Mahulpali
002-SHDSIM(a),MOORANG
007-ERDBWN,Muri
056-mgd2lkn,Seohara
002-NDBHP,Bamni
Loh-01,ID Lohaghat
49-LGDHYD,Jalaput dam (Machkund)
008-DDASL	,Tenughat Reservoir
022-MDBURLA,Kesinga
0022-cdjaipur,Bisalpur Reservoir
006-WGDNGP,Bhandara
MALLI MADUGU,MALLI MADUGU.
001-LYDAGRA,AGRA (J.B.)
013-SRDCBE,MUSIRI
014-mgd3vns,RIHAND DAM
060-erdbwn,Mathani Road Bridge
030-mgd4ptn,Dhengraghat
025-ukdpune,Phulgaon
012-MGD1LKN,Turtipar
024-LKDHYD,Prakasam Barrage
005-UBDDIB,Passighat
051-MGD1LKN,Banbasa Barrage
057-mgd2lkn,Chupkoli
005-mgd3vns,Mirzapur
010-lkdhyd,Tungabhadra Dam
023-MDBURLA,Kantamal
002-LKDHYD,Narayanapura Reservoir
021-MGD4PTN,Jhanjharpur
012-UYDDEL,Mawi 
036-DDASL,SUNDAR DAM
036-ERDBWN,Kashinagar
031-LYDAGRA,RAJGHAT DAM
015-UGDHYD,Nanded
039LBDJPG,Kokrajhar
004-MGD4PTN,Sikandarpur (Muzzafarpur)
016-LGDHYD,Dummagudem
011-TDSURAT,GOPALKHEDA
030-MDBURLA,Deogaon
024-LGDHYD,Kunavaram
031-MDBURLA,Khairmal
026-UBDDIB,Golaghat
031-HDCHENNAI,Sathanur Dam
011-mgd4ptn,Dumariaghat
031-LGDHYD,Polavaram Irrigation Project
043-CDJAPR,Kota Barrage
005-LYDAGRA,AURAIYA
023-TDSURAT,Surat
0030-LKDHYD,Sunkesula Barrage
005-LKDHYD,Deongaon Bridge
034-wgdngp,Pench Reservoir (Machagora Dam)
003-MGD5PTN,Gandhighat
FF- 3,Rangpo Dam
023-MGD1LKN,Birdghat 
009-mgd2lkn,Bareilly
007-HGDDDN,Srinagar
038-LKDHYD,Avanigadda
056-erdbwn,Narayanpuram Anicut
035-UGDHYD,Manjlegaon
004-hydchennai,Somasila Dam
062-MGD4PTN,KOSI BARRAGE
020-DDASL,Tilpara  Mihirlal Barrage
009-MGD5PTN,Rewaghat
027-ugdhyd,Sripada Yellampalli Project
058-MDBURLA,Padampur
012-MDSIL,Sonamura
002-jhelum,Sangam
AWLRJINJIRAM,JINJIRAM
016-NDBHP,Hoshangabad
0036-CDBNG,Upper Tunga Prject
009-lkdhyd,P.D. Jurala
005-MGD5PTN,Munger
007-CDJAIPUR,Gandhi Sagar Reservoir
010-UBDDIB,Dibrugarh
035-ERDBWN,Gunupur
061-ERDBWN,Rengali Reservoir
009-UGDHYD,Jaikwadi Dam
034-UKDPUNE,Warna Dam
028-MGD5PTN,Farakka(FF)
023-DDASL,Sikatia Barrage
023-MGD5PTN,Indrapuri
004-TDSURAT,Bharuch
001-LBDJPG,Mathanguri
041-SRDCBE,KODAGANAR DAM
014-ukdpune,Badlapur
002-LBDJPG,Beki Road bridge
014-mgd2lkn,Lucknow (Hanuman Setu)
006-UGDHYD,Kopergaon
033-wgdngp,Bawanthadi Reservoir
009-LYDAGRA,MOHANA
016-UBDDIB,Nanglamoraghat
032-MDBURLA,Marshaghai 
003-MGD1LKN,Kakardhari
009-MGD4PTN,Khadda
010213ua1,Borwa
015-mgd4ptn,Dheng Bridge
031-UBDDIB,Tezpur
021-mgd5ptn,Sripalpur
007-MGD3VNS,Ghazipur
43mgd5ptn,Amanat Barrage
032-wgdngp,Gosikhurd Dam
012-mgd4ptn,Sonbarsa
002-MGD4PTN,Lalbegiaghat
0026-srdcbe,Grand Anicut
0010-LYDAGRA,SAHIJINA
033-MDBURLA,Kanas (S)
030-HDCHENNAI,Gomukhi Dam
031-mgd4ptn,Jhawa
012-MGD5PTN,Darauli
008-MAHGAND,Wanakbori Weir
039-lgdhyd,Sangampally (Chintavagu)
042-UKD PUNE,NANDRE
011-MGD5PTN,Hajipur
ITCHAPURAM,ITCHAPURAM
021-ukdpune,Mangaon
037-UKDPUNE,Malaprabha Dam
002-UKDPUNE,Warunji
DWRIS-06,Melli
014-TDSURAT,DEDTALAI
026-mgd2lkn,Maigalganj
032-hydchennai,Wellington Reservoir
023-mgd4ptn,Basua
010-MBDGHY,Annapurnaghat
01-11-01-002,Matijuri
009-WGDNGP,Pauni
022-HGDDDN,Pipalkoti
030-LBDJPG,Ghugumari
008-SRDCBE,SAVANDAPUR
020-LYDAGRA,NAINI
054-mgd2lkn,Bhatpura
025-LBDJPG,Tufanganj
005-mgd4ptn,Samastipur
011-SRDCBE,KODUMUDI
DWRIS-05,Rothak
FF-5,Teesta -V Dam
016-mgd2lkn,Rae bareli
060 MDBURLA,RAVISHANKAR SAGAR DAM
008-TDSURAT,DAHIGAON
065-LYDAGRA,TIGHARA
009-DDASL	,Pupunki
BY00045,KULSI
017-LGDHYD,Bhadrachalam
011-ukdpune,Takli
50-LGDHYD,Balimela dam (Sileru)
NBO-2-055-1257,Bargi Reservoir
027-SWRDKOCHI,THOTTATHINKADAVU
022-UYDDEL,Dhansa
018-mgd3vns,MAIGHAT
029-hydchennai,Poondi Satyamoorthy Reservoir
003-mgd2lkn,Fatehgarh
061-TDSURAT,KHOLWAD(KATHORE)
007-ukdpune,Sadalga (Seasonal)
027-LGDHYD,GodavariRlyBridge(Rajahmundry)
002-MGD5PTN,Dighaghat
Thoubal-13,Thoubal_WLR
070-LYD AGRA,MADIKHERA(ATAL SAGAR) DAM
008-MGD3VNS,Ballia
DHAR-01,Dharchula
FF- 4,Rongli Dam
017-MGD3VNS,Jalalpur
018-MGD1LKN,Balrampur
006-LYDAGR,KALPI
040-MDBURLA,Pubansa (S)
DWRIS-04,Singtam
NBO-1-046-1247,Indira Sagar Reservoir
BV000FS,Dudhnoi
009-mdsil,Monierkhal
016-HGDDDN,Dharamnagari Barrage
018-SWRDKOCHI,MALAKKARA
017-LYDAGRA,CHILLAGHAT
004-UKDPUNE,Arjunwad (Seasonal)
003DHAR,DHARCHULA
0025-srdcwc,Bhavani Sagar Dam 
015-ERDBWN,Anandpur
033-HDCHENNAI,Mayambadi
010-mgd4ptn,Chatia
027-LBDJPG,Jaldhaka NH-31
005-MAHGAND,Mahi Bajaj Sagar Dam
001-MGD5PTN,Buxar
010-mgd3vns,Jaunpur
030-MAHGAND ,Dantiwada Dam
42mgd5ptn,Annaraj Dam
037-TDSURAT,AKOLA
023-UGDHYD,Sriram Sagar Reservoir
041-ukdpune,Muradpur
020-MAHGAND,Subhash Bridge
004-MGD1LKN,Pancheshwar
017-mgd4ptn,Benibad
037-CDJAPR,Parwati Pick- up weir
0037-CDBNG,Bhadra Reservoir
004-MBDGHY,Pagladiya N T Road Crossing
030-DDASL,Kangsabati Reservoir
042-SRDCBE,UPPER ANICUT
011-MBDGHY,Badarpurghat
008-SWRDKOCHI,KUMBIDI
024-MGD4PTN,Baltara
044-CDJAPR,Kota City
0025-SWRDKOCHI,Idamalayar Reservoir
034-LYDAGRA,RUPAS NAGAR
032-LGDHYD,Atreyapuram (Gauthami)
021-MBDGHY,Karimganj
T_Nambonbi-11,Thong Nambonbi_WLR
030-LYDAGRA,Matatila Reservoir
010214001,Chhasara
008-LYDAGRA,NAUTGHAT
032-TDSURAT,DAMAN
NBO-1-055-1259,Omkareshwar (NHPC) Reservoir
018-ukdpune,Kokangaon
013-MGD5PTN,Gangpur Siswan
010-ukdpune,Narsingpur
010213ub3,Amarpura
004-MGD5PTN,Hathidah
005-jhelum,Rammunshibagh (near Srinagar)
014-HGDDDN,Rishikesh
NAUKUCHIATAL1,NAUKUCHIATAL
0026-mgd3vns,Bansagar Dam
039-MGD4PTN,Indo-Nepal Border (Bhutahi)
01-10-09-001,Therriaghat
006-MGD3VNS,Varanasi
003-LBDJPG,PANBARI
003-LYDAGRa,DHOLPUR
003-MGD3VNS,Allahabad
0031-CDBNG,Harangi Reservoir
036-SRDCBE,Alandurai
NBO-2-050-1251,Kolar Reservoir
012-UGDHYD,Gangakhed W/L Station
042-DDASL,Hinglow Dam
022-SRDCBE,Vaigai Reservoir
016-TDSURAT,HATHNUR
004-MGD2LKN,Kannauj
031-SRDCBE,HARUR
010-mdsil,Sairang
GYN00N6,PACHAWALI
019-NDBHP,Gadarwara
038-UKDPUNE,Hidkal Reservoir
007-MGD5PTN,Kahalgaon
038-UYDDEL,Fateh Garh
029-LBDJPG,Hasimara
037-MDBURLA,Alipingal
023-CDJAPR,Palwa
028-TDSURAT,MADHUBAN DAM
BKA00D7,SONAPUR
014-MDSIL,KAILASHAHAR GDSQ SITE
003-UBDDIB,Yinkiang
022-NEID2,PANGKHUAH
014-LYDAGRA,BANDA
055-erdbwn,Salandi Reservoir
66,Sardar Sarovar Project_Gujarat Reservoir
001-UKDPUNE,Karad
041-mgd2lkn,Purwamir
006-MDSIL,GAJARIA
003-TDSURAT,Garudeshwar
Minuthong-12,Minuthong_WLR
032-UKDPUNE,Koyna
028-LGDHYD,Dowlaiswaram (State Govt Site)
058-mgd2lkn,Suyalbari
003-ugdhyd,Nasik
022-LBDJPG,DOMOHANI
025-DDASL,Gheropara
029-HGDDDN,Gaurikund
0038-ERDBWN,Chandil Dam
040-erdbwn,Srikakulam
024-ukdpune,Pen
013-DDASL	,Durgapur Barrage
046,Yazali
050-TDSURAT,SHIRPUR
009-UBDDIB,Namsai
033-UKDPUNE,Veer Dam
034-MGD2lkn,Meerganj
057-MGD3VNS,Koilari
CW1WEI000073,Pench Reservoir
039-LKDHYD,Singatalur Barrage
002-MGD3VNS,PHAPHAMAU
0102009002,Una
031-CDJAPR,Dubi
039-mdburla,Nimapara
006-MBDGHY,Puthimari NH Rd Xing
NBO-2-024-1225,Hathed at Misrod
036-UGDHYD,Yeldari Reservoir
028-ukdpune,Sarati
022-UBDDIB,Badatighat
066-MDBURLA,MURUMSILLI
0033-hydchennai,Chembarampakkam
022-mgd5ptn,Japla
024-LYDAGRA,RAJGHAT
041-DDASAL,PUTKI
028-ddasl,Simulia
036-MDBURLA,Naraj
GYI00A3,KORA-OLD
NBO-0-039-1240,Sip at Dholpur
050,Motipur
020-NDBHP,Belkhedi
001-MGD2LKN,NARORA Barrage
048,Kabu basti (Kambang)
018-DDASL,Massanjore Dam
009-LBDJPG,Rangpo
001-MBDGHY,Guwahati(D.C.Court)
057-HGDDDN,Karnaprayag (A)
028-LBDJPG,Mathabhanga
029-ERDBWN,Purusottampur
023-ERDBWN,Jenapur
021-NDBHP,Dhulsar
017-lkdhyd,Nagarjuna Sagar Dam
CW1WEI000075,Sanjay Sarovar Project
018-ubddib,Sivasagar
005-SWRDKOCHI,KUNIYIL
0024-SWRDKOCHI,Idukki (Eb)/Idukki Arch Reservoir
030-HGDDDN,Gangotri
011-DDASL	,Konar Reservoir
013-lkdhyd,Mantralayam
036-MGD3VNS,NIWARI
027-MGD5PTN,Maner
005-LBDJPG,Dhubri
029-mgd3vns,Ahrora
015-HGDDDN,Haridwar (Dudhia Band)
015-mgd2lkn,Bani
018-mgd4ptn,Hayaghat
008-LBDJPG,Golokganj
028-UBDDIB,Bana
034-CDJAPR,Nahargarh
057-TDSURAT,SAGBARA
NBO-1-017-1218,Hiran at Singaldeep
052-MGD1LKN,Katerniaghat Barrage
017-ukdpune,Mahad
NBO-2-036-1237,Awalighat
047-UYDDEL,Palwal/Rahimpur
026-CDJAPR,Astha
016-ukdpune,Dhond
NBO-1-049-1250,Choral at Barwah
006-mgd4ptn,Rosera
014-CDJAPR,Chittorgarh
018-HGDDDN,Sataynarayan
040LBDJPG,Matigara
026-DDASL,Natunhat
010-DDASL	,Panchat Reservoir
027-DDASL,Phulberia
005-DDASL	,Maithon Reservoir
014-mgd4ptn,Ekmighat
47-LGDHYD,Upper Indravati Dam
014-MDBURLA,Salebhata
SEEDHI,SEEDHI
051-mgd2lkn,Anupshahar
035-MAHGAND ,Balotra 
033-LBDJPG,AIE NH XING
073-mgd5ptn,Indrapuri Barrage
029-ukdpune,Paragaon
38-MGD3VNS,REWA
013 NDBHP, Sandia
012-SWRDKOCHI,NEELEESWARAM
027-UBDDIB,Seppa
058-erdbwn,Galudih Barrage
002-mgd2lkn,Kachhlabridge
005-MBDGHY,DRF
015-LBDJPG,CORONATION
36-UBDDIB,Ranganadi NT Road crossing
015-DDASL	,Harinkhola
048-UYDDEL,Piprauli
031_mgd2lkn,Sitapur
028-HGDDDN,Harshil
034-UYDDEL,Dadahu/Renuka
007-SRDCBE,THEVUR
FF-1,Teesta- 3 Dam
012-mgd2lkn,Kanpur
070-UBDDIB,TAMEN
NBO-1-028-1230,Barna Reservoir
005-NDBHP,Pati
Lilong-7,Lilong_WLR
031-MGD3VNS,Chakghat
031-HGDDDN,Birahi
005-UYDDEL,Haripur
033-UYDDEL,Kalsi
032-ADSL,Mohanpur
0052-SRDCBE,Madurai
008NEID3,Jotte
042-UYDDEL,Titawi
010213ua3,Khandiovari
Prakasambarrage,Prakasam Barrage
009-MBDGHY,Lakhipur
046-mgd2lkn,Ram nagar Barrage
030-UYDDEL,Attal
0031-LKDHYD,Musi Dam
003-LKDHYD,Huvinhedigi
006-SWRDKOCHI,KARATHODU
019-mgd5ptn,Palmerganj
002-SWRDKOCHI,PERUMANNU
011-MAHGAND,Som Kamla Amba Dam
005-wgdngp,Sitekasa
011-mgd2lkn,Ankinghat
024-UBDDIB,Numaligarh
026-SWRDKOCHI,POOKKAYAM
042CDJAPR,Gambhiri Dam
028-mgd4ptn,Taibpur
026-LBDJPG,Nagrakata
37-DDASL,BHAIRWA DAM
039-UYDDEL,Panchkuan
033-MGD4PTN,Sakra
014-UBDDIB,Dillighat
049-ugdhyd,LAXMI BARRAGE
030-LGDHYD,Chinturu (Tallagudem/Kummuru)
006-LGDHYD,Jagdalpur
047-ERDBWN,Madduvalasa
021-UBDDIB,Chouldhowaghat
013-mgd4ptn,Kamtaul
035-SRDCBE,Gandhavayal
009-CDJAPR,Tonk
026-mgd4ptn,Galgalia
013-mgd2lkn,Dalmau
004-NDBHP,Chhidgaon
015-UYDDEL,Delhi Railway Bridge
028-UYDDEL,Aglarpul
010-MAHGAND,Panam Dam
011-LYDAGRA,GARRAULI
020-LGD3BEH,BARIOL
0034-cdbng,Krishnarajasagar Reservoir
034-UBDDIB,Dharamtul
021-LBDJPG,Gazoldoba
035-HDCHENNAI,Melkalpoondi
006-LBDJPG,Barabisha
008-MGD5PTN,Sahibganj
030-MBDGHY,Harangajao
040-MGD3VAR,MAU
016-lkdhyd,Srisailam Reservoir
061-MGD4PTN,GANDAK BARRAGE
039-Mgd2lkn,Kasganj
047-MGD3VNS,TENDUI
019-MGD1LKN,Bansi 
044-mgd2lkn,Nagina
034-HDCHENNAI,Kalpadai
034-UGDHYD,Mula Dam
012-ubddib,Naharkatia
027-HGDDDN,Gangnani
010- SRDCBE,NELLITHURAI
021-HGDDDN,Nandprayag
012-HGDDDN,Ganga Nagar
074-MGD2LKN,Kalagarh Dam
019-HGDDDN,Dharasu
48-lgdhyd,Upper Kolab Dam 
007-mgd4ptn,Khagaria
022-DDASL,Narayanpur
032-UBDDIB,Kheronighat
047-mgd2lkn,Kathgodam
016-mgd4ptn,Runisaidpur
NDB-WQSS-202012,D/S HOSHANGABAD
006-chejmu,Safapora
032-LYDAGRA,KIRAOLI
NBO-1-055-1256,Deb at Khajuri
012-TDSURAT,YERLI
01-11-03-001,Fakirabazar
039-SRDCBE,Kukkalthurai
021-SWRDKOCHI,AYILAM 
044-UYDDEL,Shekhpura (Barnawa)
050-UYDDEL,Shergarh
016-ERDBWN,Akhuapada
YETIKOPPAKA,YETIKOPPAKA
010-NDBHP,Mandla
CW1WAR000074,Upper Wardha Project
010-MGD1LKn,Elginbridge
020-MGD3VNS,SATNA
013-mgd3vns,Chopan
FF - 2,Rangit- 3 Dam
031-UYDDEL,Meenus (Khad)
026-MGD5PTN,Koelwar
029-DDASL,Tusuma
010213ub1,Sohagpura
024-MGD3VNS,Jhokho
037-ERDBWN,Gotta Barrage
022-MGD3VNS,NARHAN
029-CDJAPR,Barodiya
005neid1,Kulichera
006-UYDDEL,Yashwant Nagar
023-LYDAGRA,AGRA(POIYAGHAT)
030-mgd2lkn,Lalganj
058-TDSURAT,VELDA
026-ugdhyd,Kaddam Dam
013-UBDDIB,Chenimari (Khowang)
037-LKDHYD,Kurnool Town
027-MGD3VNS,Churhat
015-LGDHYD,Eturunagaram
049-UYDDEL,Parkham
012-MDBURLA,Hirakud Reservoir
036-MAHGAND ,Gandhav 
014-MGD5PTN,Chhapra
004-LBDJPG,Manas N H Crossing
029-mgd4ptn,Araria
005-ugdhyd,NMD-Weir
039-erdbwn,Thottapalli R/s (APSDPSData)
019-mgd4ptn,Saulighat
01-11-13-001,Gumrabazar
051-SRDCBE,PATTUKOTTAI
001-LKDHYD,Almatti Reservoir
0032-cdbng,Hemavathy Reservoir
010-ERDBWN,Jamsholaghat
021-SRDCBE,MURAPPANADU
043-UYDDEL,Ratanpuri
020-mgd4ptn,Jainagar
0010NEID3,Chimpu
021-MGD3VNS,Mejaroad
002-LGDHYD,Kaleswaram
020-SRDCBE,A.P.PURAM
01-10-02-001,Sibbari
043-LYDAGRA,JUHIKHA
018-ERDBWN,Altuma
026-HGDDDN,Roorkee
025-UBDDIB,Gelabil
0024-srdcwc,Mettur Reservoir
017-UYDDEL,Mathura (Prayag ghat)
004-LKDHYD,Deosugur
019-ukdpune,Shirdhon
041-UYDDEL,Manjhawali
0033-cdbng,Kabini Reservoir
001-UYDDEL,Naugaon
013-wgdngp,Ghugus
032-ERDBWN,Mohana
NBO-0-045-1246, Bhamgarh
035-MDBURLA,Padmavati
GYQ00N7,ARNOTA
011-UYDDEL,Karnal
NBO-1-031-1232,Palakmati at Sohagpur
041-MGD3VNS,Durgawati
021-TDSURAT,Ukai Reservoir
023-MBDGHY,Kailashahar
023-HGDDDN,Dosni
021-MGD2LKN,Bhikiasen
38mgd5ptn,Batane
024-SWRDKOCHI,CHAKKALAKUTH
047,Hayuliang
008-MDSIL,ANIPUR
005-ERDBWN,Govindpur (NH5 Road Bridge)
023-LBDJPG,Mekhliganj (R/B)
045-CDJAPR,Ranapratap Sagar Reservoir
nbo-2-006-1207,Silgi at Kotrai
019-UGDHYD,Nizamsagar Reservoir
037-HDCHENNAI,Venganur
037-UYDDEL,Kheri
017-ugdhyd,Saigaon
018-ndbhp,Mortakka
006-hydchennai,Annamayya Project
029-mgd5ptn,Azmabad
061 MDBURLA,BANGODAM RESERVOIR
0029-LKDHYD,DR KLRS Pulichintala Dam
033-UBDDIB,Kampur
NBO-2-054-1255,Maan at Gopalpura
010-LBDJPG,Singlabazar
012-erdbwn,Rajghat
023-UBDDIB,Bokajan
024-DDASL,Jamtara1
039-LYDAGRA,BULAKIPURA
030-LKDHYD,Melaganur
033-MAHGAND ,Bhakudar (Sipu Dam)
037-DDASL,PUNASI DAM
bv000f5,DUDHNAI
011-CDJAPR,Mandawara
GYL00B7,LALPUR
036-MGD4ptn,Saharghat
033-LYDAGRA,BATESHWAR
037-UGDHYD,Karanja Dam
Nambol-8,Nambol_WLR
010-CDJAPR,Baranwada
019-WGDNGP,Salebardi
008-ubddib,Miao
015-lydagra,SEONDHA
016-LYDAGRA,HAMIRPUR
031-MGD5PTN,Garhwa
035-UKDPUNE,Ujjani Reservoir
053-SRDCBE,BALASAMUDRAM
008-MGD1LKN,Motipur
005-srdcbe,THENGUMARAHADA
049-MGD3VNS,Chachar
022-ugdhyd,Bhainsa(State Govt. Site)
0041-cdbng,SINGASADANAPALLI
024-MGD1LKN,Bhinga
GYN10F5,BHIND
019-LYDAGRA,PRATAPPUR
013-MDSIL,Belonia
007-UBDDIB,Dholabazar
007-SWRDKOCHI,PULAMANTHOLE
028ERDBWN,Sorada
028-wgdngp,Sirpur (Town)
020-wgdngp,Wairagarah
024-wgdngp,Mirdapalli
015-NDBHP,Tawa Reservoir
027-cdbng,BANTWAL
042-HDCHENNAI,Thiruvalngadu
NBO-1-044-1245,Abna at Khandwa
039-mgd3vns,Ashatpur
032-CDJAPR,Lakheri
034-mgd4PTN,Bishunpur
027-UYDDEL,Purola
029-UYDDEL,Sabhowala
026- MDSIL,SIBAPUR
008-SIDGTK,Sankalang
019-SRDCBE,IRRUKKANKUDI
022-ukdpune,Nagothane
CW1WE000074,Chhinda
018-SRDCBE,PARAMAKUDI
004-wgdngp,Rajegaon
044-LYDAGRA,MEHNDAGHAT
043-MGD3VNS,Chansura
019MAHGAND,Derol Bridge
075-UBDDIB,EBRANLI
NBO-2-041-1242,Datuni at Dudwas
019-lgdhyd,Sangam (Murredu)
01-10-01-001,Dimapara
004-LYDAGRA,UDI
076-UBDDIB,BOMJIR
016-LBDJPG,SEVOKE
007-WGDNGP,Ramakona
019-MGD2LKN,Bewar
057-LYDAGRA,KURDHANA
033-DDASL,Purihansha
034-MDBURLA,Tikarpara
025-MBDGHY,Pandu
010-HGDDDN,Devprayag (B)
004-MAHGAND,Mataji
011-ERDBWN,Fekoghat
034-LBDJPG,BAHALPUR
009-HGDDDN,Koteshwar
056-LYDAGRA,NARSINGHGARH
021-LKDHYD,Keesara
022-TDSURAT,GHALA
013-SWRDKOCHI,KALAMPUR
023-CDBNG,HOGENAKKAL
019-MGD3VNS,Akbarpur
006-UKDPUNE,Terwad (Seasonal)
011-LKdhyd,Oollenur
019-CDJAPR,A.B.Road X-ing
002-SHDSIM,POWARI (Shifted to moorang)
047-LYDAGRA,UNNAO BALAJI
019-UYDDEL,Galeta
DWRIS-17,Sagbari
017-MAHGAND,Harnav Weir
NBO-1-033-1234,Machna at Shahpur
013-HGDDDN,Marora 
003-MDSIL,NUTANBAZAR GD SITE
012-MGD3VNS,Kuldah Bridge
001-SWRDKOCHI,ERINJIPUZHA
013-MBDGHY,Chotabekra
049-LYDAGRA,BIJRONI
004neid1,Kashithal
024-HGDDDN,Raysi
002-MBDGHY,Goalpara
034-MGD3VNS,NAURHIA
020-mgd5ptn,Kinjer
01-11-01-008,Fulertal
015-MAHGAND,Raska WeIr
NBO-2-051-1252,Beda at Satwadi(Gogawa)
025-mgd2lkn,Haidergarh
007-MBDGHY,Suklai
016-MAHGAND,Kheroj
NBO-1-040-1241,Jamner at Sandalpur
061-LYDAGRA,LAMYARI
005-SHDSIM,PANDOA
NBO-2-010-1210,Matiyari at Katangatola
043-MGD1LKN,Sonauli Mohammad Pur
021-wgdngp,Rajoli
034-DDasal,D P Ghat
040-MGD1LKN,Parsa (Zalim Nagar)
002-wgdngp,Kumhari
042-LGDHYD,Kunturla (Machkund)
025-WGDNGP,Kanhargaon
007SHD,Hanuman Chetty
006-LKDHYD,Jewangi
016-MGD1LKN,Hetimpur
004-mgd3vns,SITAMARHI
014-lgdhyd,Perur
003-ERDBWN,Jeypore
010-SWRDKOCHI,MANKARA
020-ugdhyd,Degloor
004SHD,KOTHI
010-UYDDEL,Kalanaur
NBO-2-021-1222,Umar at Imaliya
027-mgd4ptn,Chargharia
023MAHGAND,Jotasan
003neid1,Bailley Bridge Tuipui
01-10-29-001,Jiribam
003-UKDPUNE,Samdoli (Seasonal)
017-MBDghy,Amraghat
005-mgd2lkn,Neemsar
014-lkdhyd,Bawapuram
018-UYDDEL,Mathura (Gokul Barrage)
030,Gomukhi dam
055-MDBURLA,Sarangpal 
020-MGD1LKN,Maniram
DWRIS-15,Laven 
016-MGD3VNS,Pratapgarh
034MAHGAND,Ganod
055-LYDAGRA,DEVRA
003-wgdngp,Balaghat
028- MDSIL,NEAIRGRAM
007-MGD1LKN,Shardanagar
059-LYDAGRA,KARWI
015- MGD3VNS,Shahzadpur
015-mgd5ptn,Kadirganj
034-ERDBWN,Gudari
004-UYDDEL,Tuini (Tons)
001-wgdngp,Keolari
017-LBDJPG,CHEL
038-MDBURLA,Khandapara
021-UYDDEL,Dadri
050-LYDAGRA,MASOODPUR
NBO-1-003-1204,Machrar at Gidha
NBO-2-008-1209,Phen at Parsatola
032-LBDJPG,MURTI
020-UBDDIB,Daporizo
017-chejmu,AKHNOOR
001-MDSIL,KUMARGHAT
030-MGD1LKN,Kanjyoti
NBO-2-001-1202,Narmada at Gorakhpur
024MAHGAND,Ratanpur
016-UYDDEL,Mohna
003-SRDCBE,KUDLUR
025-MGD3VNS,Duddhi
004-UBDDIB,Lemeking
021-DDASL,TANTLOI
006-SRDCBE,SEVANUR
NBO-2-014-1215,Saner at Chargawan
017-UBDDIB,Bihubar
039MAHGAND,Lowara
024-mgd5pat,Daltonganj
041-MGD1LKN,Madhwapur
026-WGDNGP,Mangrul
GYH70J7,GARHAKOTA
022-CDBNG,KOLLEGAL
011-LGDHYD,Chindnar
023-MGD3VNS,Goverdheghat
015-SRDCBE,AMBARAMPALAYAM
048-ERDBWN,Jaggaguda
023-LGDHYD,Saradaput
017-DDASL	,Maharo
NBO-2-010-1211,Balai at Narayanganj
019-LKDHYD,Dameracherla
050-SRDCBE,Varanavasi
018-WGDNGP,Sakmur
042-MGD1LKN,Dumari Ghat
025MAHGAND,Kheda
011-MGD3VNS,Kharra
040-LYDAGRA,ORAI-2 Mangrayan
037-LYDAGRA,NEPARI
048-MGD3VNS,Devkali
029-UBDDIB,Bhalukpong
025-UGDHYD,Mancherial
023-LKDHYD,Paleru Bridge
053 -hd chennAI,THIRUNAVALUR
008-NDBHP,Dindori
035=DDASL,KHARIDWAR
077-ERDBWN,Saraikela Rd. Bridge
017-SRDCBE,Ambasamudram
66-LYDAGRA,BADAUSA
008-ugdhyd,Lasur
04-srdcbe,THOPPUR
074-ERDBWN,Bara Ghagara
021-LGD3BEH,BHALUKA
028-MGD1LKN,Jouljibi
NBO-1-053-1254,Borad at Thikri
012-SRDCBE,ELUNUTHIMANGALAM
052- hd chennai,MONNAVEDU
009     -srdcbe,URACHIKOTTAI
041-HDCHENNAI,Buggaagraharam
CD-NEW-27,URI
002-MGD1LKN,Gaighat
032-mgd2lkn,Shahjahanpur
048-SRDCBE,VADAMADURAI
NBO-2-018-1219,Belkund at Ghughra
045-LYDAGRA,BAGCHINI
028-SWRDKOCHI,KALATHUKADAVU
NBO-2-047-1248,Kaner at Mendhikheda
023-mgd2lkn,Narora Down Stream
015-CDJAPR,Barod
01-10-24-001,Jalalpur
026CDBNG,AVERSHE
NBO-1-042-1243,Machak at Barangi
030-ERDBWN,Madhabarida
001neid1,"Myndu Stage II, Dam Site"
001-SRDCBE,Avarankuppam
015-chejmu,Jammu Tawi(Sidhra)
013-lgdhyd,Pathagudem
033,Bateshwar
028-LGD3BEH,JIAGANG
004-ugdhyd,Palkhed
060-LYDAGRA,MARKA
050-MGD3VNS,Karkota
002-midshl,Kharkhana
027-mgd2lkn,Ramsanehi Ghat
062-LYDAGRA,SARDHUA
017-CDJAPR,Aklera
002-uyddel,Hathiari (Bausan)
017-MGD1LKN,Salempur
001-neid2,Tuichang
038-HDCHENNAI,Penneswaramadam
028CDBNG,HALADI
003-HGDDDN,Nandkeshri
048-LYDAGRA,SANJAY NAGAR
023-ukdpune,Niivali
049-MDBURLA,Bhingarpur 
CD-NEW-23,KRALPORA
011-SWRDKOCHI,ARANGALI
037-MGD1LKN,Chaugurji Ghat
007-DDASL	,Ramgarh
015-UBDDIB,Desangpani
CW1WAR000043,Kamgarpur
008-MGD4PTN,Triveni
025 - MDSIL,UDHARBOND
070-ERDBWN,Brahmnihalua
049-MGD1LKN,Thoothibari
011-UBDDIB,Margherita
018-LYDAGRA,RAJAPUR
013-MAHGAND,Hathmati Weir
002-MAHGAND,Anas PH-II
001-ugdhyd,Dharna Dam (State Govt. Site)
068-ERDBWN,Bhejdih
CD-NEW-30,BAINCH
CD-NEW-22,ARWANI
CW1WAR000052,Belgaon (Selu)
008-CDJAPR,Bigod
058-LYDAGRA,PAILANI DERA
031-ukdpune,Mudhol
043-LBDJPG,Ambari
038-MGD1LKN,New Motipur
043-mgd2lkn,Betalghat
004neid3,Boleng
015-MDSIL,Katigorah
NBO-2-005-1206,Narmada at Maalpur
030-SRDCBE,KALLIDAIKURICHHI
002-CDJAPR,Tal
CW1WAR000040,Rui
025-lgdhyd,Koida
029CDBNG,SANTEGULI
035-MGD1LKN,Kabir Ganj
IBO-2-062-0548,Ropa
73988598,Lakshmanpatti
002-HYDCHENNAI,Nellore CWC
028-HYDCHENNAI,Nandalur
048-MGD1LKN,Muhchurwa Ghat
047-MGD1LKN,Parsohan Ghat
018-MDSIL,Lala
42-ubddib,ROING
058-UBDDIB,Doimukh
005-cdjapr,Mahidpur
019-LGD3BEH,BAHIRGACHI
036-LYDAGRA,JARAINA
011-LBDJPG,Majitar
013-UGDHYD,Zari
041cdbng,ADKASTHALA
011-WGDNGP,Hivra
008-WGDNGP,Satrapur
058-HGDDDN,Shukratal
001-MAHGAND,Chakaliya
054-mgd5ptn,Danapur
NBO-2-002-1203,Chakrar at Gadasarai
CHAMPAKULAM,CHAMPAKULAM
010202008,Karoti
048-MDBURLA,Kathajori Rd.Bridge
065-MDBURLA,DUDHAWA
032-MGD4PTN,Kanti
025-CDJAPR,Sonkatch
042-LYDAGRA,BAHMAI
044-LBDJPG,Shaladang
CW1WAR000049,Kapsi
027-MAHGAND,Chitrasani
026,Kuthnuor
052-mgd5ptn,Saksohra
CW1WEI000045,Piplatola (Dutta)
002-HGDDDN,Joshimath
059-UBDDIB,Pagoda
NBO-1-026-1227,Dudhi at Panagar
022-MDSIL,Sonamura-II
003-lgdhyd,Nowrangpur
023-SWRDKOCHI,ASHRAMAM
013-MGD1LKN,Uskabazar
SRLMDM,Srisailam Dam
014-UYDDEL,Palla
030CDBNG,YENNEHOLE
004-lgdhyd,Kosagumda (Bhaskel)
016-MGD5PTN,Lakhisarai
058-MGD4PTN,Lakhoura
022-MBDGHY,Manughat
BANGLAMKADAVU,BANGLAMKADAVU
002Neid3,Murga Bridge
016-MDSIL,Borkhola
072-ERDBWN,Seethanagaram
027-MDBURLA,Basantpur
020-MDBURLA,Jondhra
037 CDBNG,PULIKUKKU
UPPUTHARA,UPPUTHARA
CD-NEW-36,FATEHPORA
046-LYDAGRA,CHANDPUR DABRA
009-MAHGAND,Khanpur
CD-NEW-21,RUMSHI
021-CDJAPR,Sangod
020-UYDDEL,Masani
053-LYDAGRA,BAROOD
ARIANKAVU,Ariankavu
015-TDSURAT,BURHANPUR
064-LYDAGRA,BARCHA
026-HYDCHENNAI,Porakudi
001-MIDSHL,Dawki
026-MDBURLA,Kurubhata
002-ubddib,Tuting
CW1WEI180516,Mahalgaon
047-LBDJPG,Singimari
038-SRDCBE,Odendurai
045-SRDCBE,SRI RANGAM
039,Krishnagiri Dam
005-MGD1LkN,Banbasa 
012-MBDGHY,Gharmura
005NEID3,METEOROLOGICAL STATION JANG
EXAMPLE-2,Example-NSWDC
001-ERDBWN,Balimundali
001-chejmu,Khanabal
037-SWRDKOCHI,ARUVIPURAM
007-mgd2lkn,Kalagarh 
004-CDJPR,Ujjain
035-MGD4PTN,Kukraha
044-SRDCBE,BHAVANI BRIDGE
006-ERDBWN,Adityapur
003-mgd4ptn,Ahirwalia
031,Sathanur Dam
006-DDASL	,Hendegir
017-MDSIL,Muhammedpur
CW1WAR000036,Asegaon
064-MDBURLA,BURLA
CW1WEI000053,Patansaongi
NBO-2-051-1227,Karam at Dahiwar
027-HYDCHENNAI,Gopurajapuram
052-ERDBWN,Kamakshya Nagar Rd. Bridge
014-MGD1LKN,Chandradeepghat
009-ndbhp,Manot
THOTTAPPALLY,THOTTAPPALLY
025-SWRDKOCHI,PERUVAMPADAM
035-LYDAGRA,BARETHA
VIDYANAGAR,VIDYA NAGAR
047-CDJAPR,Mandsour
024-HYDCHENNAI,Menangudi
017-HGDDDN,Karnaprayag (P)
046-MGD1LKN,Gola Bazaar
007-UYDDEL,Jateon Barrage
007-HYDCHENNAI,Tadipatri
052-MGD4PTN,Kapasiya
CW1WEI000058,Mouda
007NEID3,Jollang 
020-MDSIL,Kadamtala
GGQ00H8,Mahua
052-LYDAGRA,GATA
054- HD CHENNAI,MANIYAMPATTU
035MGD5PAT,Mahnar
043-SRDCBE,PALLIPALAYAM/Erode
019-MDSIL,Patharkandi
PERUMKADAVILA,PERUMKADAVILA
CD-NEW-26,SONMARG
CW3WEI000034,Magardharra
013-MDBURLA,Dharam jaigarh
PALA,PALA
042-erdbwn,Kurula
020-CDJAPR,Sarangpur
CW1WEI000067,Bina
7397907C,Savandapur
016-hYDCHENNAI,Chengalpet
036-SWRDKOCHI,ARKKANNUR
049-ERDBWN,Bhuban Baji Rout Rd.Bridge
058-mgd5ptn,Jamui
NBO-1-020-1221,Sher at Kacchara
CW1WAR000062,Mungoli (Township)
CW1WAR000054,Nagari
CW1WEI000048,Ambgaon (Bagdi)
CW1WAR000071,Mondgaon (Yelakeli)
NBO-2-038-1239,Kolar at Mahgaon
MALAPUARAM_CS,MALAPPUARAM CIVIL STATION
020-SWRDKOCHI,THUMPAMON
006-mdburla,Bamnidhi
003-MAHGAND,Dhariawad
006-MAHGAND,Paderdibadi
046-HDCHENNAI,Kalasapadu
012-wgdngp,Nandgaon
002-MDBURLA,Parmanpur
050-MGD1LKN,Chauhaan Patti
050-mgd5ptn,Banka
060-mgd5ptn,Jehanabad
043-MDBURLA,Raipur
010-wgdngp,Ashti
007-MDSIL,TULARGRAM
056-mgd5ptn,Masaurhi
008-HYDCHENNAI,Alladupalli
VANDIPERIYAR,VANDIPERIYAR
031-ERDBWN,Mahendragarh
032-MGD1LKN,Gagrigol
014-HYDCHENNAI,Arcot
011-MDBURLA,Kelo at Raigarh
078-ERDBWN,Dhurwa Dam
051-ERDBWN,Gohira
017-SWRDKOCHI,KALLOOPPARA
CW1WEI000066,Bhagwanpur (Kurkheda)
025-HGDDDN,Chhinka
059-mgd5ptn,Nardiganj
007-MAHGAND,Kadana Dam
003-hydchennai,Nandipalli
CW1WAR000039,Mahagaon (Pus)
003-MBDGHY,Matunga
009-MGD1LKN,B.K.Ghat
021-MGD1LKN,Trimohinighat
059-MGD4PTN,Madhuban
026-lgdhyd,Polavaram site
012-LKDHYD,T. Ramapuram
0047-CDBNG,PUDUNAGARA
055-mgd5ptn,Paliganj
072-mgd5ptn,Yadunathpur
010214002,Savni
NBO-2-022-1223,Machrewa at Bakori
017-LGD3BEH,KUTHIBARI
CCN00J5,BENDRAHALLI
013-LBDjPG,KHANITAR
063-LYDAGRA,LAHCHURAGHAT
027-LGD3BEH,TARINIPUR
022-LYDAGRA,KAIMAHA
071-mgd5ptn,Kathautiya
003-mdburla,Manendragarh
CW1WEI000057,Sarra
044-HDCHENNAI,DIPURU
024- MDSIL,CHIRIPOOL
054-MGD4PTN,Jhagarua
01 02 17 005, Purna at Yerli
012-NDBHP,Barmanghat
KULAMAVU,KULAMAVU
012-LBDJPG,Sankalan
041-SWRDKOCHI,THIRUVATTAR
008-MDBURLA,Sundergarh
015-MDBURLA,Baronda
024-LGD3BEH,BANPUR
051-mgd5ptn,Suryagadha
067-mgd5ptn,Bairiya
019-MDBURLA,Simga
CW1WEI000041,Singodi
CW3WAR000060,Dhanora (Wardha)
HGDDDN-053,Devprayag (A)
CW1WAR000056,Patala
043-erdbwn,Meliaputy
024-MDBURLA,RAJIM
031-MGD1LKN,Bangapani (Munsyari)
044-MGD3VNS,Kasmabad
049-MGD4PTN,Amour
010-MDBURLA,Rampur
067-ERDBWN,Keshdihi
001-MGD4PTN,Chanpatia
045-MGD4PTN,Badlaghat
003-DDASL	,Barkisuriya
CW1WEI000046,Temni
012-LGD3BEH,ISLAMPUR [seasonal]
037-MGD4PTN,Chhitaunighat
018-MDBURLA,Kotni
006-HGDDDN,Rudraprayag (M)
004-HGDDDN,Rudraprayag (A)
020-ERDBWN,Gomlai
013-LYDAGRA,MADLA
008-LGD3BEH,BERHAMPORE
CW1WEI000055,Sakhra (Wadsa)
053-ERDBWN,Purunagarh
020-HYDCHENNAI,Kudalaiyathur
010-LGD3BEH,ENGLISHBAZAR
040-MGD4PTN,Thakraha
CW1WEI000061,Kokiwada
001-MGD1LKN,Colonelganj
041-MGD4PTN,Sugauli
MALAYATTOOR,MALAYATTOOR KODANAD BRIDGE
005-hydchennai,Nellore Telemetry
CW1WEI000047,Sakoli Bridge
016-CDJAPR,Khatoli
DWRIS-13,Ranipool
021-MDBURLA,Ghatora
098-mgd-3vns,Chunar
036-CDJAPR,Devlia Khurd
005-mdsil,HAORA
057-hd CHENNAI,NARIYAMPATTU
005-LGD3BEH,LABHA
069-ERDBWN,Rd.Bridge D/S of Chandil Dam
062-mgd2lkn,Dulha Dhakia
034-MGD5PTN,Sultanganj
005-cdbng,BYALADAHALLI
020-LKDHYD,Polampalli
060-MDBURLA,KALMA
046-ERDBWN,Janjhavati Rd.Bridge
035-LKDHYD,Daredu
009-GD3BEH,CHAPRA
029-MAHGAND ,Sarotry 
002-ugdhyd,Gangapur Dam ( State Govt. )
001-HYDCHENNAI,Chennur
045-MDBURLA,Gopalpur
050-ERDBWN,Bonaigarh
066-mgd5ptn,Udwantnagar
016-SWRDKOCHI,VANDIPERIYAR
043-HDCHENNAI,Pallamala
040-HDCHENNAI,Poyyapakkam
IBO-1-058-0544,Shalkhar
007-LGD3BEH,BAZARSAW [SEASONAL]
029-LKDHYD,Suddakal
028-MGD3VNS,NARAYANPUR 
014-SWRDKOCHI,RAMAMANGALAM
034-HGDDDN,Suraithota
026-LKDHYD,Halia
005-HGDDDN,Rudraprayag (conf)
015-lgd3BEH,KATWA
057-MGD4PTN,Bairgania
CW1WEI000068,Jhilmili
CW1WEI000033,Bichhubaggu
012-HYDCHENNAI,Naidupet
077-UBDDIB,Doyang Hep Reservoir
033-MGD1LKN,Thal
045-HDCHENNAI,Verupakshapuram
014-ERDBWN,Champua
061-mgd5ptn,Nawada
045-hd chennai,THIRUVALAM
015-lkdhyd,K. Agraharam
020-chejmu,UDAIPUR
032-MAHGAND ,Kamalpur 
013-LGD3BEH,KALNA (EBB)
dwris-01,Upper Rimbi
010MGD5PTN,Lalganj
019-chejmu,GHOUSHAL
014-ugdhyd,Purna
002-MDSIL,KAMALPUR
021-CHEJMU,TANDI
050-MGD4PTN,Bathnaha
CW1WEI000065,Sarekha
CW1WAR000070,Lodhikheda
039-MGD1LKN,Ramnagar Bagha
014-DDASL	,Jamalpur
CW1WEI000069,Nainpur
008-HGDDDN,Uttarkashi-GSM
022-HYDCHENNAI,Annavasal
01-10-25-001,Risiang
DWRIS-07, Rangma Range
022-CHEJMU,MIYAR NALLAH
01-10-19-001,Nongstoin-I (Mawthungkper)
005-MDBURLA,Korba
007-NDBHP,kogaon
046-mgd3vns,NEGAI
ACHENCOIL,Achencoil
042-MGD3VNS,Chousa
035-UYDDEL,Ganguwala
01-10-18-001,Sonapur
CW1WEI000042,Ganeshganj
CW3WEI121214,Bakhari
CW1WAR000063,Bhishnur
003-LGD3BEH,FARAKKA
011-mdsil,Tuirial
026--ukdpune,Ganjem
016-CDBNG,K.M. VADI
012-cdbng,KUDIGE
020-MGD2LKN,Gagan Moradabad
0045-CDBNG,KOKKEDODDY
049-CDBNG,LAKKAVALLI
021-CDBNG,THIMMANAHALLI
035-CDBNG,Kalmane
IBO-1-060-0546,Ghaluwal
015-ukdpune,Belne Bridge
006-NDBHP,Patan
017-CDBNG,AKKIHEBBAL
055-mgd2lkn,Basantpur_CWC
CDJ35,Jhalawar
039 CDBNG,BELUR
040-SWRDKOCHI,THIRUVARAMBU
020-ukdpune,Talikot
024-CDBNG,BILIGUNDULU
015-CDBNG,CHUNCHUNAKATTE
40- SRDCBE,KOTTATHARA
0043-CDBNG,HOMMARAGALLI
053-mgd2lkn,Dhaneta
006-CDBNG,HOLEHONNUR
021-HYDCHENNAI,Nallathur
005-UKDPUNE,KURUNDWAD
036-TDSURAT,LOHARA
027-ukdpune,Collem
020-HGDDDN,Chamiyala
001-HGDDDN,Badrinath
001-CDBNG,Shimoga
010-HYDCHENNAI,Kamalapuram
059-mgd2lkn,Pilibhit
056-TDSURAT,DUSKHEDE
0042-cdbng,THORESHETTAHALLI
010214003,Jamraval
048-mgd2lkn,Marchula
033-MGD3VNS,Kairi
056-MGD-3VNS,VIJAY RAGHAVGARH
033-mgd2lkn,Shergarh
045-MGD3VNS,SOHAR
013-CDBNG,M.H. HALLI
029-SWRDKOCHI,KONDAZHY
0048-CDBNG,CHIKKAMALUR
019-CDBNG,T. BEKKUPE
018-CDBNG,T. NARASIPUR
CW1PRA000084,Tekra (Aheri-Gudem Bridge) 
052-mgd2lkn,Bhojpur
036-mgd2lkn,Sehramau (South)
040-mgd2lkn,Atrauli
042-mgd2lkn,Bilhaur
032-mgd3vns,LALGANJ
004-CDBNG,Marol
030-MGD3VNS,Kohdarghat
031-SWRDKOCHI,MANAKKAD
013-TDSURAT,TESKA
053-MDBURLA,Gunderdehi
01-10-21-001,Umkiang
036-CDBNG,Airani
006-TDSURAT,CHANWADA
004-MDBURLA,Bango dam
056-MDBURLA,Kataghora
034-TDSURAT,MAHUWA
009-SWRDKOCHI,PUDUR
001-TDSURAT,BODELI
030-ukdpune,Navalgund
029-MDBURLA,Jamadarpali
017-TDSURAT,BHUSAWAL
031-MAHGAND,Ambaji
046-MDBURLA,Kishan Nagar 
059-MDBURLA,Arampur
013-HYDCHENNAI,Sullurpet
034-SWRDKOCHI,PALLIPPADY
050-mgd2lkn,Garjia
033-TDSURAT,PINGALWADA
035-SWRDKOCHI,PULLAKKAYAR
032-SWRDKOCHI,MANIKAL
005-TDSURAT,MOTINAROLI
011-HYDCHENNAI,Nagalamedike
035-TDSURAT,DURVESH
033-SWRDKOCHI,PALAKADAVU
018-TDSURAT,SAVKHEDA
0035-CDBNG,NAPOKLU
022-SWRDKOCHI,KUZHITHURAI
010-TDSURAT,LAKHPURI
024-TDSURAT,GADAT
002-TDSURAT,RAJPIPLA
054-MDBURLA,Maniyari 
057-MDBURLA,Boudh
037-mgd2lkn,Jyoti Jagir
051-MDBURLA,Balanga 
050-MDBURLA,Balakati 
038cdbng,BETTADAMANE
007-CDBNG,HOOVINAHOLE
047-MDBURLA,Tarpur 
030-SWRDKOCHI,KOTTAPURAM
NBO-1-043-1244,Kalimachak at Charuwa
049-mgd2lkn,Naula
038-TDSURAT,KURANKHEDA
052-mdburla,Daya Rd.Bridge 
062 MDBURLA,MALGAON
016-WGDNGP,P.G. Bridge
061-mgd2lkn,Sitarganj
035,Bhomoraguri
032-UYDDEL,Meenus(Tons)
019-SWRDKOCHI,PATTAZHY
013-UYDDEL,Baghpat
046-SRDCBE,LAKSHMANANPATTI
016-SRDCBE,THENI
011-HGDDDN,Devprayag (G)
051-LYDAGRA,SARVA
002-DDASL	,Haripur
045-UYDDEL:,Baleni
007-LYDAGRA,BASODA
DWRIS-08,Bop
029-MGD1LKN,GHAT
01-11-06-003,Dholai
CD-NEW-20,WATCHI
042-LBDJPG,Suldaguri
CW1WEI000076,Gawana
036-HDCHENNAI,V.Kallathur
CW1WEI000074,Chhinda
005-SIDGTK,Toyum
006-UBDDIB,Tezu
NBO-1-012-1213,Gaur at Bhalawara
016-MBDGHY,Dholai
075-ERDBWN,Kanke Rd. Bridge
014-srdcbe,NALLAMARANPATTY
CW1WAR000038,Tharnam
NBO-2-025-1226,Narmada at Naseerabad
013-ERDBWN,Swampatna
DWRIS-14,Bakcha 
031-DDAsl,Lalgarh
004-ERDBWN,Baripada
027- MDSIL,KALAIN
001-NDBHP,Mukki
022-MGD2LKN,Rampur_GSM
073-ERDBWN,Kolipal
022-lgdhyd,Konta
001-SHDSIM,TITANG
018-MGD5PTN,Mankatha
047-SRDCBE,SANARPATTI
01-11-01-007,Annapurna Ghat
018-MGD2LKN,Bhitaura
003NEID-3,Pangin
026-UYDDEL,Kuthnaur
025-LKDHYD,Vijayawada
022-ERDBWN,Talcher
015-SWRDKOCHI,KIDANGOOR
012-CDJAPR,Pali
006-mgd2lkn,Bhatpurwaghat
022-wgdngp,Bhatpalli
012-lydagra,GAISABAD
018-LGDHYD,Sangam (Kinnerasani)
022-MAHGAND ,Sei Dam 
018-LKDHYD,Wadenepally
027-TDSURAT,OZERKHEDA
CW3GDL300814,Waraseoni
003-UYDDEL,Tuini (Pabar)
030-TDSURAT,SILVASSA
DWRIS-02,Lachen
007-LBDJPG,Sankosh LRP
020-LBDJPG,NEORA
002neid1,Myntdu Stage-II power house
001NEID3,China Bridge
031-LBDJPG,Champasari
057-UBDDIB,Dihingmukh
NBO-1-034-1235,Tawa at Tawakathi
020-LGDHYD,Sukma
014-MAHGAND,Watrak Dam
042CDBNG,SANOOR
CW1WEI00037,Jogisakhra
NBO-2-037-1238,Indra at Khapriya
045-MGD1LKN,Gharighat
046-UYDDEL,Noida
022-mgd4ptn,Birpur
076-ERDBWN,Paradih
003-neid2,Sihthangpui
048-HDCHENNAI,RAYACHOTI
001-UBDDIB,Kibithu
062-mgd5ptn,Hisua
034-MGD1LKN,Bageshwar
039-SWRDKOCHI,NELLIPPALLI
038-LYDAGRA,MANSURPUR
018-LGD3BEH,RAJMAHAL
046-LBDJPG,Baladoba
007-ugdhyd,Pachegaon
001-MGD3VNS,Azamgarh
srdcbe 052,Balasamudram
021-MDSIL,Kaliganj
055-UBDDIB,Bogibil
NBO-1-028-1229,Tenduni at Maheshwar
010-ugdhyd,Dhalegaon
002-SRDCBE,GUMMANUR
026-MGD1LKN,Basti
009-ukdpune,Cholachagudda
060-mgd2lkn,Maholi
018-LBDJPG,DIANA
041-LYDAGRA,MOOSA NAGAR
054-LYDAGRA,KAITHI
KAKKADASSERY,Kakkadassery
025-LGD3BEH,BAJITPUR
069-mgd5ptn,Mahgama
NBO-2-035-1236,Denwa at Matkuli
042-MGD4PTN,Mohauddin Nagar
002-neid2,Tuichawng
023-MDSIL,Sabrum
HR00001,WJC MLL
0013NEID3,Mechuka
NBO-1-015-1216,Pariyat at Matamar
035-CDJAPR,Jahajpur
036-MGD1LKN,Kukea
023-LGD3BEH,SARALPUR
063-mgd5ptn,Dobhi
033-MGD5PTN,Kolhachak
015-MGD1LKN,Mukhlispur
047-MGD4PTN,Moujabadi
042-SWRDKOCHI,VELLAIKADAVU
004-mdsil,KHOWAI
007-MDBURLA,Thethetanger
062-erdbwn,Gopiballavpur
038-SWRDKOCHI,MADAMON
013-ukdpune,Anjanari
065-mgd5ptn,Banjari
037MAHGAND,Gungan
037-MGD3VNS,MARVAS
033-HGDDDN,Dhopaddhaar
054-UBDDIB,Subansiri Lower Dam
044-MGD1LKN,Dhobahat
055-MGD4PTN,Nirmali
037MGD5PTN,Sitalpur
046-MGD4PTN,Dalsingh Sarai
051,Jagibhakatgaon
CW1WEI000064,Dhanora (Kathani)
032-MGD5PTN,Fatehpur
KOCHUPAMPA,KOCHUPAMPA
022-LGD3BEH,CHICHURA
012-MAHGAND,Rangeli
032-HGDDDN,Brahmkhaal
016-LGD3BEH,PALASIPARA
047-hdchennai,Narasingarayainpet
CW1WAR000059,Purad
025-MDBURLA,Seorinarayan
01-10-14-001,Byrnihat
033-CDJAPR,Tumri
070-mgd5ptn,Ahiro
012-lgdhyd,Tumnar (Dantewara)
048-MGD4PTN,Rauta
065-ERDBWN,Bolani
01-11-01-006,Badarpur Ghat
007RAJG,Rajghat
AMBITAMPOTTY,AMBITTAMPOTTY
068-mgd5ptn,Zamania
028-MDBURLA,Surajgarh
NBO-2-007-1208,Halon at Baratola
064-mgd5ptn,Manpur
056-hd chennai,AYALAMBEDU
001-lgd3beh,BEDEPARA
022-MGD1LKN,Regauli
033-ERDBWN,Kutragada
060-MGD4PTN,Chintawanpur
026-LGD3BEH,BANGAON
056-MGD4PTN,Belsand
35-MGD3VNS,Saidpur
016-MDBURLA,Andhiyar Khore
004-SWRDKOCHI,KUTTYADI
017-MDBURLA,Pathardihi
009-MDBURLA,Sankara
019-LBDJPG,GHISH
044-MGD4PTN,Dhamaraghat
IBO-1-059-0545,Khab
051-MGD4PTN,Sikti
026MAHGAND,Swaroopganj
053-MGD4PTN,Kakarghatti
043-MGD4PTN,Bachhwara
049 -HD CHENNAI,Puduvayal
01-10-15-001,Shella
019-HYDCHENNAI,Villupuram
CW1WEI000072,Mungapar
006-LGD3BEH,BERHAIT
025-HYDCHENNAI,Thengudi
004-LGD3BEH,FARAKKA(HR)
040CDBNG,JANNAPURA
001-CDJPR,Dhareri
045-ERDBWN,Sankhili Rd Bridge
006-SHDSIM,BAROT
011-LGD3BEH,HANSKHALI
004-SHDSIM,RAMPUR
017-ERDBWN,Keonjhar
014-LGD3BEH,KALNA (flow)
009-hydchennai,Singavaram
0046-CDBNG,CHIKKARASINAKERE
CW1WEI000050,Markhandadeo
017-HYDCHENNAI,Vazhavachanur
018-HYDCHENNAI,Kumarapalayam
025CDBNG,ADDOOR
055-CDBNG-T,MUDIGERE
004-DDASL	,Nandadih1
003-CDBNG,Haralahalli
CDJ34,Kateela
027-cdjapr,Anthara
008-CDBNG,KELLODU
051-CDBNG-T,VYTHIRI
060-CDBNG-T,KOPPA
IBO-2-063-0549,Sangla
058-CDBNG-T,SRINGERI
040-LKDHYD,VALIGONDA
029-mgd2lkn,Sandi
006-MGD1LKN,Paliakalan
053-CDBNG-T,SOMWARPET
035-HGDDDN,Maneri
038-MGD4PTN,Bagaha
IBO-1-057-0543,GULLING
DWRIS-10,Yuksum
034-LKDHYD,Anantharam
030-CDJAPR,Borkhandi
009-MGD3VNS,Sultanpur
IBO-1-056-0542,HANSA
028-MGD2lkn,Todarpur
01-10-16-001,Ranikor
011-cdbmg,HARIHARAPURA
059-CDBNG-T,TIRTHAHALLI 
0044-CDBNG,MUKKODLU
MGD2-035,FATEHGANJ (E)
062-CDBNG-T,NARASIMHARAJAPURA
049-SRDCBE,Thandalaiputhur
024-CDJAPR,Bangpura
057-CDBNG-T,MADIKERI 
050-CDBNG-T,MANANTHAVADY
009-CDBNG,KUPPELUR
020-CDBNG,T.K.HALLI
002-LGD3BEH,BISWANATHPUR
056-CDBNG-T,HADIGE
008-ukdpune,Gokak Falls
045-mgd2lkn,Fica Barrage
003-NDBHP,Mohgaon
069-LYDAGRA,SEMARKHEDI
054-CDBNG-T,HATTIHOLE
011-CDBNG,SAKLESHPUR
061-CDBNG-T,BALEHONNUR
002-CDBNG,Honnali
003-SWRDKOCHI,MUTHANKERA
041-lgdhyd,Sirimoda
010-CDBNG,MAHISHI
052-CDBNG-T,MADAPURA
023-HYDCHENNAI,Peralam
015-HYDCHENNAI,Magaral
